﻿"Cube Title","Product Id","CANSIM Id",URL,"Cube Notes","Archive Status",Frequency,"Start Reference Period","End Reference Period","Total number of dimensions"
"Population estimates, July 1, by census metropolitan area and census agglomeration, 2016 boundaries","17100135",,"https://www150.statcan.gc.ca/t1/tbl1/en/tv.action?pid=1710013501",1;2;3;4;6;8;9,"CURRENT - a cube available to the public and that is current","Annual","2001-01-01","2022-01-01","3",

"Dimension ID","Dimension name","Dimension Notes","Dimension Definitions"
"1","Geography",,""
"2","Sex",,""
"3","Age group",7,""

"Dimension ID","Member Name","Classification Code","Member ID","Parent Member ID",Terminated,"Member Notes","Member Definitions"
"1","Campbellton (CA), New Brunswick part, New Brunswick","[13330]","20","19","",,
"1","Campbellton (CA), Quebec part, Quebec","[24330]","21","19","",,
"1","Hawkesbury (CA), Ontario part, Ontario","[35502]","50","49","",,
"1","Hawkesbury (CA), Quebec part, Quebec","[24502]","51","49","",,
"1","Ottawa - Gatineau (CMA), Ontario part, Ontario","[35505]","53","52","",,
"1","Ottawa - Gatineau (CMA), Quebec part, Quebec","[24505]","54","52","",,
"1","Lloydminster (CA), Alberta part, Alberta","[48840]","114","113","",,
"1","Lloydminster (CA), Saskatchewan part, Saskatchewan","[47840]","115","113","",,
"1","All census metropolitan areas, Canada","","162","161","",,
"1","All census agglomerations, Canada","","163","161","",,
"1","St. John's (CMA), Newfoundland and Labrador","[001]","1","162","",,
"1","Halifax (CMA), Nova Scotia","[205]","8","162","",,
"1","Moncton (CMA), New Brunswick","[305]","13","162","",,
"1","Saint John (CMA), New Brunswick","[310]","14","162","",,
"1","Saguenay (CMA), Quebec","[408]","26","162","",,
"1","Québec (CMA), Quebec","[421]","30","162","",,
"1","Sherbrooke (CMA), Quebec","[433]","34","162","",,
"1","Trois-Rivières (CMA), Quebec","[442]","37","162","",,
"1","Montréal (CMA), Quebec","[462]","44","162","",,
"1","Ottawa - Gatineau (CMA), Ontario/Quebec","[505]","52","162","",,
"1","Barrie (CMA), Ontario","[568]","88","162","",,
"1","Greater Sudbury (CMA), Ontario","[580]","92","162","",,
"1","Thunder Bay (CMA), Ontario","[595]","96","162","",,
"1","Winnipeg (CMA), Manitoba","[602]","98","162","",,
"1","Regina (CMA), Saskatchewan","[705]","104","162","",,
"1","Saskatoon (CMA), Saskatchewan","[725]","108","162","",,
"1","Lethbridge (CMA), Alberta","[810]","118","162","",,
"1","Calgary (CMA), Alberta","[825]","121","162","",,
"1","Edmonton (CMA), Alberta","[835]","128","162","",,
"1","Kelowna (CMA), British Columbia","[915]","136","162","",,
"1","Abbotsford - Mission (CMA), British Columbia","[932]","141","162","",,
"1","Vancouver (CMA), British Columbia","[933]","142","162","",,
"1","Victoria (CMA), British Columbia","[935]","144","162","",,
"1","Kingston (CMA), Ontario","[521]","61","162","",,
"1","Belleville (CMA), Ontario","[522]","62","162","",,
"1","Peterborough (CMA), Ontario","[529]","65","162","",,
"1","Oshawa (CMA), Ontario","[532]","68","162","",,
"1","Toronto (CMA), Ontario","[535]","70","162","",,
"1","Hamilton (CMA), Ontario","[537]","71","162","",,
"1","St. Catharines - Niagara (CMA), Ontario","[539]","72","162","",,
"1","Kitchener - Cambridge - Waterloo (CMA), Ontario","[541]","73","162","",,
"1","Brantford (CMA), Ontario","[543]","74","162","",,
"1","Guelph (CMA), Ontario","[550]","78","162","",,
"1","London (CMA), Ontario","[555]","80","162","",,
"1","Windsor (CMA), Ontario","[559]","83","162","",,
"1","Bay Roberts (CA), Newfoundland and Labrador","[005]","2","163","",,
"1","Grand Falls-Windsor (CA), Newfoundland and Labrador","[010]","3","163","",,
"1","Gander (CA), Newfoundland and Labrador","[011]","4","163","",,
"1","Corner Brook (CA), Newfoundland and Labrador","[015]","5","163","",,
"1","Charlottetown (CA), Prince Edward Island","[105]","6","163","",,
"1","Summerside (CA), Prince Edward Island","[110]","7","163","",,
"1","Kentville (CA), Nova Scotia","[210]","9","163","",,
"1","Truro (CA), Nova Scotia","[215]","10","163","",,
"1","New Glasgow (CA), Nova Scotia","[220]","11","163","",,
"1","Cape Breton (CA), Nova Scotia","[225]","12","163","",,
"1","Fredericton (CA), New Brunswick","[320]","15","163","",,
"1","Bathurst (CA), New Brunswick","[328]","16","163","",,
"1","Miramichi (CA), New Brunswick","[329]","17","163","",,
"1","Edmundston (CA), New Brunswick","[335]","18","163","",,
"1","Campbellton (CA), New Brunswick/Quebec","[330]","19","163","",,
"1","Matane (CA), Quebec","[403]","22","163","",,
"1","Rimouski (CA), Quebec","[404]","23","163","",,
"1","Rivière-du-Loup (CA), Quebec","[405]","24","163","",,
"1","Baie-Comeau (CA), Quebec","[406]","25","163","",,
"1","Alma (CA), Quebec","[410]","27","163","",,
"1","Dolbeau-Mistassini (CA), Quebec","[411]","28","163","",,
"1","Sept-Îles (CA), Quebec","[412]","29","163","",,
"1","Sainte-Marie (CA), Quebec","[423]","31","163","",,
"1","Saint-Georges (CA), Quebec","[428]","32","163","",,
"1","Thetford Mines (CA), Quebec","[430]","33","163","",,
"1","Cowansville (CA), Quebec","[437]","35","163","",,
"1","Victoriaville (CA), Quebec","[440]","36","163","",,
"1","Shawinigan (CA), Quebec","[444]","38","163","",,
"1","Drummondville (CA), Quebec","[447]","39","163","",,
"1","Granby (CA), Quebec","[450]","40","163","",,
"1","Saint-Hyacinthe (CA), Quebec","[452]","41","163","",,
"1","Sorel-Tracy (CA), Quebec","[454]","42","163","",,
"1","Joliette (CA), Quebec","[456]","43","163","",,
"1","Lachute (CA), Quebec","[468]","46","163","",,
"1","Val-d'Or (CA), Quebec","[480]","47","163","",,
"1","Rouyn-Noranda (CA), Quebec","[485]","48","163","",,
"1","Hawkesbury (CA), Ontario/Quebec","[502]","49","163","",,
"1","Salaberry-de-Valleyfield (CA), Quebec","[465]","45","163","",,
"1","Nanaimo (CA), British Columbia","[938]","146","163","",,
"1","Parksville (CA), British Columbia","[939]","147","163","",,
"1","Port Alberni (CA), British Columbia","[940]","148","163","",,
"1","Courtenay (CA), British Columbia","[943]","149","163","",,
"1","Campbell River (CA), British Columbia","[944]","150","163","",,
"1","Powell River (CA), British Columbia","[945]","151","163","",,
"1","Williams Lake (CA), British Columbia","[950]","152","163","",,
"1","Quesnel (CA), British Columbia","[952]","153","163","",,
"1","Prince Rupert (CA), British Columbia","[955]","154","163","",,
"1","Terrace (CA), British Columbia","[965]","155","163","",,
"1","Prince George (CA), British Columbia","[970]","156","163","",,
"1","Dawson Creek (CA), British Columbia","[975]","157","163","",,
"1","Fort St. John (CA), British Columbia","[977]","158","163","",,
"1","Whitehorse (CA), Yukon","[990]","159","163","",,
"1","Yellowknife (CA), Northwest Territories","[995]","160","163","",,
"1","Duncan (CA), British Columbia","[937]","145","163","",,
"1","Sarnia (CA), Ontario","[562]","84","163","",,
"1","Wasaga Beach (CA), Ontario","[565]","85","163","",,
"1","Owen Sound (CA), Ontario","[566]","86","163","",,
"1","Collingwood (CA), Ontario","[567]","87","163","",,
"1","Orillia (CA), Ontario","[569]","89","163","",,
"1","Midland (CA), Ontario","[571]","90","163","",,
"1","North Bay (CA), Ontario","[575]","91","163","",,
"1","Elliot Lake (CA), Ontario","[582]","93","163","",,
"1","Timmins (CA), Ontario","[586]","94","163","",,
"1","Sault Ste. Marie (CA), Ontario","[590]","95","163","",,
"1","Kenora (CA), Ontario","[598]","97","163","",,
"1","Winkler (CA), Manitoba","[603]","99","163","",,
"1","Steinbach (CA), Manitoba","[605]","100","163","",,
"1","Portage la Prairie (CA), Manitoba","[607]","101","163","",,
"1","Brandon (CA), Manitoba","[610]","102","163","",,
"1","Thompson (CA), Manitoba","[640]","103","163","",,
"1","Yorkton (CA), Saskatchewan","[710]","105","163","",,
"1","Moose Jaw (CA), Saskatchewan","[715]","106","163","",,
"1","Swift Current (CA), Saskatchewan","[720]","107","163","",,
"1","North Battleford (CA), Saskatchewan","[735]","109","163","",,
"1","Prince Albert (CA), Saskatchewan","[745]","110","163","",,
"1","Estevan (CA), Saskatchewan","[750]","111","163","",,
"1","Weyburn (CA), Saskatchewan","[755]","112","163","",,
"1","Lloydminster (CA), Alberta/Saskatchewan","[840]","113","163","",,
"1","Medicine Hat (CA), Alberta","[805]","116","163","",,
"1","Brooks (CA), Alberta","[806]","117","163","",,
"1","Okotoks (CA), Alberta","[820]","119","163","",,
"1","High River (CA), Alberta","[821]","120","163","",,
"1","Strathmore (CA), Alberta","[826]","122","163","",,
"1","Canmore (CA), Alberta","[828]","123","163","",,
"1","Red Deer (CA), Alberta","[830]","124","163","",,
"1","Sylvan Lake (CA), Alberta","[831]","125","163","",,
"1","Lacombe (CA), Alberta","[832]","126","163","",,
"1","Camrose (CA), Alberta","[833]","127","163","",,
"1","Cold Lake (CA), Alberta","[845]","129","163","",,
"1","Grande Prairie (CA), Alberta","[850]","130","163","",,
"1","Wood Buffalo (CA), Alberta","[860]","131","163","",,
"1","Wetaskiwin (CA), Alberta","[865]","132","163","",,
"1","Cranbrook (CA), British Columbia","[905]","133","163","",,
"1","Nelson (CA), British Columbia","[907]","134","163","",,
"1","Penticton (CA), British Columbia","[913]","135","163","",,
"1","Vernon (CA), British Columbia","[918]","137","163","",,
"1","Salmon Arm (CA), British Columbia","[920]","138","163","",,
"1","Kamloops (CA), British Columbia","[925]","139","163","",,
"1","Chilliwack (CA), British Columbia","[930]","140","163","",,
"1","Squamish (CA), British Columbia","[934]","143","163","",,
"1","Cornwall (CA), Ontario","[501]","55","163","",,
"1","Arnprior (CA), Ontario","[507]","56","163","",,
"1","Carleton Place (CA), Ontario","[509]","57","163","",,
"1","Brockville (CA), Ontario","[512]","58","163","",,
"1","Pembroke (CA), Ontario","[515]","59","163","",,
"1","Petawawa (CA), Ontario","[516]","60","163","",,
"1","Cobourg (CA), Ontario","[527]","63","163","",,
"1","Port Hope (CA), Ontario","[528]","64","163","",,
"1","Kawartha Lakes (CA), Ontario","[530]","66","163","",,
"1","Centre Wellington (CA), Ontario","[531]","67","163","",,
"1","Ingersoll (CA), Ontario","[533]","69","163","",,
"1","Woodstock (CA), Ontario","[544]","75","163","",,
"1","Tillsonburg (CA), Ontario","[546]","76","163","",,
"1","Norfolk (CA), Ontario","[547]","77","163","",,
"1","Stratford (CA), Ontario","[553]","79","163","",,
"1","Chatham-Kent (CA), Ontario","[556]","81","163","",,
"1","Leamington (CA), Ontario","[557]","82","163","",,
"1","Area outside census metropolitan areas and census agglomerations, Newfoundland and Labrador","","165","164","",,
"1","Area outside census metropolitan areas and census agglomerations, Prince Edward Island","","166","164","",,
"1","Area outside census metropolitan areas and census agglomerations, Nova Scotia","","167","164","",,
"1","Area outside census metropolitan areas and census agglomerations, New Brunswick","","168","164","",,
"1","Area outside census metropolitan areas and census agglomerations, Quebec","","169","164","",,
"1","Area outside census metropolitan areas and census agglomerations, Ontario","","170","164","",,
"1","Area outside census metropolitan areas and census agglomerations, Manitoba","","171","164","",,
"1","Area outside census metropolitan areas and census agglomerations, Saskatchewan","","172","164","",,
"1","Area outside census metropolitan areas and census agglomerations, Alberta","","173","164","",,
"1","Area outside census metropolitan areas and census agglomerations, British Columbia","","174","164","",,
"1","Area outside census metropolitan areas and census agglomerations, Yukon","","175","164","",,
"1","Area outside census metropolitan areas and census agglomerations, Northwest Territories","","176","164","",,
"1","Area outside census metropolitan areas and census agglomerations, Nunavut","","177","164","",,
"1","All areas outside census metropolitan areas and census agglomerations, Canada","","164","178","",,
"1","All census metropolitan areas and census agglomerations, Canada","","161","178","",,
"1","Canada","[1124]","178","","",,
"2","Males","","2","1","",,
"2","Females","","3","1","",,
"2","Both sexes","","1","","",,
"3","0 to 4 years","","2","1","",,
"3","5 to 9 years","","8","1","",,
"3","10 to 14 years","","14","1","",,
"3","15 to 19 years","","20","1","",,
"3","20 to 24 years","","26","1","",,
"3","25 to 29 years","","32","1","",,
"3","30 to 34 years","","38","1","",,
"3","35 to 39 years","","44","1","",,
"3","40 to 44 years","","50","1","",,
"3","45 to 49 years","","56","1","",,
"3","50 to 54 years","","62","1","",,
"3","55 to 59 years","","68","1","",,
"3","60 to 64 years","","74","1","",,
"3","65 to 69 years","","80","1","",,
"3","70 to 74 years","","86","1","",,
"3","75 to 79 years","","92","1","",,
"3","80 to 84 years","","98","1","",,
"3","85 to 89 years","","104","1","",,
"3","90 years and older","","110","1","",,
"3","0 years","","3","2","",,
"3","1 year","","4","2","",,
"3","2 years","","5","2","",,
"3","3 years","","6","2","",,
"3","4 years","","7","2","",,
"3","5 years","","9","8","",,
"3","6 years","","10","8","",,
"3","7 years","","11","8","",,
"3","8 years","","12","8","",,
"3","9 years","","13","8","",,
"3","10 years","","15","14","",,
"3","11 years","","16","14","",,
"3","12 years","","17","14","",,
"3","13 years","","18","14","",,
"3","14 years","","19","14","",,
"3","15 years","","21","20","",,
"3","16 years","","22","20","",,
"3","17 years","","23","20","",,
"3","18 years","","24","20","",,
"3","19 years","","25","20","",,
"3","20 years","","27","26","",,
"3","21 years","","28","26","",,
"3","22 years","","29","26","",,
"3","23 years","","30","26","",,
"3","24 years","","31","26","",,
"3","25 years","","33","32","",,
"3","26 years","","34","32","",,
"3","27 years","","35","32","",,
"3","28 years","","36","32","",,
"3","29 years","","37","32","",,
"3","30 years","","39","38","",,
"3","31 years","","40","38","",,
"3","32 years","","41","38","",,
"3","33 years","","42","38","",,
"3","34 years","","43","38","",,
"3","35 years","","45","44","",,
"3","36 years","","46","44","",,
"3","37 years","","47","44","",,
"3","38 years","","48","44","",,
"3","39 years","","49","44","",,
"3","40 years","","51","50","",,
"3","41 years","","52","50","",,
"3","42 years","","53","50","",,
"3","43 years","","54","50","",,
"3","44 years","","55","50","",,
"3","45 years","","57","56","",,
"3","46 years","","58","56","",,
"3","47 years","","59","56","",,
"3","48 years","","60","56","",,
"3","49 years","","61","56","",,
"3","50 years","","63","62","",,
"3","51 years","","64","62","",,
"3","52 years","","65","62","",,
"3","53 years","","66","62","",,
"3","54 years","","67","62","",,
"3","55 years","","69","68","",,
"3","56 years","","70","68","",,
"3","57 years","","71","68","",,
"3","58 years","","72","68","",,
"3","59 years","","73","68","",,
"3","61 years","","76","74","",,
"3","62 years","","77","74","",,
"3","63 years","","78","74","",,
"3","64 years","","79","74","",,
"3","60 years","","75","74","",,
"3","65 years","","81","80","",,
"3","66 years","","82","80","",,
"3","67 years","","83","80","",,
"3","68 years","","84","80","",,
"3","69 years","","85","80","",,
"3","70 years","","87","86","",,
"3","71 years","","88","86","",,
"3","72 years","","89","86","",,
"3","73 years","","90","86","",,
"3","74 years","","91","86","",,
"3","75 years","","93","92","",,
"3","76 years","","94","92","",,
"3","77 years","","95","92","",,
"3","78 years","","96","92","",,
"3","79 years","","97","92","",,
"3","80 years","","99","98","",,
"3","81 years","","100","98","",,
"3","82 years","","101","98","",,
"3","83 years","","102","98","",,
"3","84 years","","103","98","",,
"3","85 years","","105","104","",,
"3","86 years","","106","104","",,
"3","87 years","","107","104","",,
"3","88 years","","108","104","",,
"3","89 years","","109","104","",,
"3","All ages","","1","","",,
"3","0 to 14 years","","111","","",,
"3","15 to 64 years","","112","","",,
"3","65 years and older","","113","","",,
"3","Median age","","114","","",,
"3","Average age","","115","","",,

Symbol Legend
Description,Symbol
"not available for a specific reference period","..",
"less than the limit of detection","<LOD",
"value rounded to 0 (zero) where there is a meaningful distinction between true zero and the value that was rounded","0s",
"data quality: excellent","A",
"data quality: very good","B",
"data quality: good","C",
"data quality: acceptable","D",
"use with caution","E",
"too unreliable to be published","F",
"not applicable","...",
"preliminary","p",
"revised","r",
"suppressed to meet the confidentiality requirements of the Statistics Act","x",
"terminated","t",

"Survey Code","Survey Name"
"3608","Annual Demographic Estimates : Subprovincial Areas"

"Subject Code","Subject Name"
"17","Population and demography"

"Note ID",Note
1,"Population estimates based on the Standard Geographical Classification (SGC) 2016 as delineated in the 2016 Census."
2,"A census metropolitan area (CMA) or a census agglomeration (CA) is formed by one or more adjacent municipalities centred on a population centre (known as the core). A CMA must have a total population of at least 100,000 of which 50,000 or more must live in the core based on adjusted data from the previous Census of Population Program. A CA must have a core population of at least 10,000 also based on data from the previous Census of Population Program. To be included in the CMA or CA, other adjacent municipalities must have a high degree of integration with the core, as measured by commuting flows derived from data on place of work from the previous Census Program. If the population of the core of a CA falls below 10,000, the CA is retired from the next census. However, once an area becomes a CMA, it is retained as a CMA even if its total population declines below 100,000 or the population of its core falls below 50,000. All areas inside the CMA or CA that are not population centres are rural areas. When a CA has a core of at least 50,000, based on data from the previous Census of Population, it is subdivided into census tracts. Census tracts are maintained for the CA even if the population of the core subsequently falls below 50,000. All CMAs are subdivided into census tracts (2016 Census Dictionary, catalogue number 98-301-X2016001)."
3,"An area outside census metropolitan areas and census agglomerations is made up of all areas (within a province or territory) unallocated to a census metropolitan area (CMA) or census agglomeration (CA)."
4,"Postcensal estimates are based on the latest census counts adjusted for census net undercoverage (including adjustment for incompletely enumerated Indian reserves) and for the estimated population growth that occurred since that census. Intercensal estimates are based on postcensal estimates and census counts adjusted of the censuses preceding and following the considered year."
6,"Population estimates as of July 1 are final intercensal up to 2015, final postcensal for 2016 to 2020, updated postcensal for 2021 and preliminary postcensal for 2022."
7,"Age on July 1."
8,"The population growth, which is used to calculate population estimates of census metropolitan areas and census agglomerations (table 17100135), is comprised of the components of population growth (table 17100136)."
9,"This table replaces table 17100078."

"Correction ID","Correction Date","Correction Note"
